{
  "id": 0,
  "bbox_pdf": [
    52.318136600159455,
    86.34140223672945,
    799.651519044639,
    547.7882297463614
  ],
  "type": "table"
}