{
  "id": 2,
  "bbox_pdf": [
    156.4366448681857,
    224.152016442885,
    861.3612807926177,
    270.23037528339245
  ],
  "type": "table"
}