{
  "id": 4,
  "bbox_pdf": [
    156.4366448681857,
    588.4590410256467,
    861.3612807926177,
    682.0557074204274
  ],
  "type": "table"
}