{
  "id": 2,
  "bbox_pdf": [
    159.35432432342145,
    211.05676102311645,
    782.3721344794487,
    329.05667741331337
  ],
  "type": "table"
}