{
  "id": 4,
  "bbox_pdf": [
    159.35432432342145,
    481.11348024133133,
    782.3721344794487,
    550.1866020307149
  ],
  "type": "table"
}