{
  "id": 0,
  "bbox_pdf": [
    97.91651253607824,
    108.88610170965326,
    744.9334679215365,
    418.27612639126716
  ],
  "type": "table"
}