{
  "id": 2,
  "bbox_pdf": [
    65.26191319654373,
    201.59281992721992,
    584.957883724903,
    488.1426139666254
  ],
  "type": "table"
}