{
  "id": 7,
  "bbox_pdf": [
    703.4850348980376,
    578.3794000292858,
    1173.2748365113928,
    780.9321857656829
  ],
  "type": "table"
}