{
  "id": 5,
  "bbox_pdf": [
    703.4850348980376,
    111.35603386455958,
    1173.2748365113928,
    307.6690418413047
  ],
  "type": "table"
}