{
  "id": 1,
  "bbox_pdf": [
    100.79640996360996,
    70.99181961686644,
    757.8930063454292,
    233.60146049604023
  ],
  "type": "table"
}