{
  "id": 2,
  "bbox_pdf": [
    100.79640996360996,
    329.05667741331337,
    757.8930063454292,
    480.6338057844606
  ],
  "type": "table"
}