{
  "id": 2,
  "bbox_pdf": [
    87.83687153971725,
    121.35763758829195,
    754.5331260133089,
    322.34123501712327
  ],
  "type": "table"
}