{
  "id": 2,
  "bbox_pdf": [
    89.21944897795377,
    111.35603386455958,
    497.4224117749358,
    471.82319521061237
  ],
  "type": "table"
}