{
  "id": 2,
  "bbox_pdf": [
    169.39305410573482,
    270.23037528339245,
    525.9342416427347,
    377.74654591124306
  ],
  "type": "table"
}