{
  "id": 2,
  "bbox_pdf": [
    52.318136600159455,
    243.67462409032535,
    569.259724842102,
    511.81264548105736
  ],
  "type": "table"
}