{
  "id": 2,
  "bbox_pdf": [
    55.64223699700342,
    166.55406789225074,
    539.1540895226884,
    531.3410753796011
  ],
  "type": "table"
}