{
  "id": 2,
  "bbox_pdf": [
    76.31525132380634,
    295.47946543236304,
    621.0813535409144,
    495.0240394905822
  ],
  "type": "table"
}