{
  "id": 2,
  "bbox_pdf": [
    81.09752448688155,
    111.8360167691482,
    862.3210148102139,
    494.86237463086604
  ],
  "type": "table"
}