{
  "id": 7,
  "bbox_pdf": [
    989.9656391505126,
    763.6528012004926,
    1190.550048828125,
    841.8900146484375
  ],
  "type": "table"
}