{
  "render_w": 1241,
  "render_h": 1754,
  "page_width": 595.2760009765625,
  "page_height": 841.8900146484375
}