{
  "id": 3,
  "bbox_pdf": [
    49.886143514554796,
    575.9794855063426,
    545.3898574620077,
    785.7320148115691
  ],
  "type": "table"
}