{
  "id": 2,
  "bbox_pdf": [
    169.39305410573482,
    481.42285330238474,
    513.4576994139837,
    524.1413318107718
  ],
  "type": "table"
}