{
  "id": 2,
  "bbox_pdf": [
    52.76419025577911,
    118.07579452880024,
    542.5118107207834,
    629.7375708202679
  ],
  "type": "table"
}