{
  "id": 2,
  "bbox_pdf": [
    256.7840217499144,
    117.99991639019692,
    963.780029296875,
    574.1703248742509
  ],
  "type": "table"
}