{
  "id": 2,
  "bbox_pdf": [
    152.6345636591808,
    161.65029196543236,
    841.8900146484375,
    271.9754170456978
  ],
  "type": "table"
}