{
  "id": 3,
  "bbox_pdf": [
    52.318136600159455,
    302.1949078285531,
    737.7337243527072,
    497.4224117749358
  ],
  "type": "table"
}