{
  "id": 2,
  "bbox_pdf": [
    194.87331711871067,
    206.26001645440925,
    644.137910279088,
    298.83718663045806
  ],
  "type": "table"
}