{
  "id": 2,
  "bbox_pdf": [
    114.2359312920913,
    161.65029196543236,
    841.8900146484375,
    261.90225345141266
  ],
  "type": "table"
}