{
  "id": 6,
  "bbox_pdf": [
    52.284515798908394,
    451.18393031330174,
    542.9914851776541,
    633.5774340569769
  ],
  "type": "table"
}