{
  "id": 4,
  "bbox_pdf": [
    52.284515798908394,
    216.95227287405572,
    542.9914851776541,
    400.3057424269081
  ],
  "type": "table"
}