{
  "id": 1,
  "bbox_pdf": [
    935.7406671563256,
    57.597948550634264,
    1190.550048828125,
    319.6686144560202
  ],
  "type": "table"
}