{
  "id": 2,
  "bbox_pdf": [
    935.7406671563256,
    57.597948550634264,
    1190.550048828125,
    799.651519044639
  ],
  "type": "table"
}