{
  "id": 0,
  "bbox_pdf": [
    57.58404105577388,
    57.597948550634264,
    861.8411478014158,
    799.651519044639
  ],
  "type": "table"
}