{
  "id": 2,
  "bbox_pdf": [
    249.59111038608182,
    112.2438229077483,
    703.6549381269152,
    252.78843877086902
  ],
  "type": "table"
}