{
  "id": 4,
  "bbox_pdf": [
    249.59111038608182,
    345.3656089469178,
    703.6549381269152,
    514.2110177654109
  ],
  "type": "table"
}