{
  "id": 0,
  "bbox_pdf": [
    82.5371255132759,
    111.35603386455958,
    528.3335766867253,
    236.1515890576005
  ],
  "type": "table"
}