{
  "id": 5,
  "bbox_pdf": [
    82.5371255132759,
    494.38239172627743,
    528.3335766867253,
    759.332955059195
  ],
  "type": "table"
}