{
  "id": 3,
  "bbox_pdf": [
    82.5371255132759,
    395.50591338102197,
    528.3335766867253,
    484.78273363450506
  ],
  "type": "table"
}