{
  "id": 4,
  "bbox_pdf": [
    198.23320189661948,
    256.62583442583474,
    992.1259765625,
    520.9264601616011
  ],
  "type": "table"
}