{
  "id": 5,
  "bbox_pdf": [
    485.6254129036931,
    242.87134972184114,
    512.9778324051856,
    282.70993080269653
  ],
  "type": "table"
}