{
  "id": 2,
  "bbox_pdf": [
    70.06058328452488,
    100.79640996360996,
    512.9778324051856,
    154.55449527753527
  ],
  "type": "table"
}