{
  "id": 2,
  "bbox_pdf": [
    57.58404105577388,
    296.62943503576645,
    670.3742112909675,
    341.74782806709663
  ],
  "type": "table"
}