{
  "id": 2,
  "bbox_pdf": [
    154.55449527753527,
    288.2843485793022,
    441.5842722215294,
    528.6012514715326
  ],
  "type": "table"
}