{
  "id": 1,
  "bbox_pdf": [
    154.55449527753527,
    108.40642725278254,
    441.5842722215294,
    231.20308821168666
  ],
  "type": "table"
}