{
  "id": 4,
  "bbox_pdf": [
    483.8227678253278,
    57.5609348244863,
    841.8900146484375,
    207.2193653681507
  ],
  "type": "table"
}