{
  "id": 5,
  "bbox_pdf": [
    488.1426139666254,
    327.13797958583046,
    824.1306471786586,
    543.9508340913956
  ],
  "type": "table"
}