{
  "id": 2,
  "bbox_pdf": [
    89.27682025348311,
    420.19482421875,
    418.54509280127564,
    487.82892263752143
  ],
  "type": "table"
}