{
  "id": 3,
  "bbox_pdf": [
    65.27767502405217,
    263.82095127889556,
    776.1323567197967,
    535.7963683245933
  ],
  "type": "table"
}