{
  "id": 3,
  "bbox_pdf": [
    485.7426994436823,
    243.67462409032535,
    804.4513480905252,
    550.1866020307149
  ],
  "type": "table"
}