{
  "id": 3,
  "bbox_pdf": [
    51.35680434998288,
    307.471326854131,
    487.6496562577814,
    502.21915634364296
  ],
  "type": "table"
}