{
  "id": 4,
  "bbox_pdf": [
    66.70151422293807,
    610.5382546367232,
    862.8008818190119,
    761.7328695821382
  ],
  "type": "table"
}