{
  "id": 1,
  "bbox_pdf": [
    52.318136600159455,
    151.57712837114727,
    527.9811950474807,
    483.51185252568496
  ],
  "type": "table"
}