{
  "id": 1,
  "bbox_pdf": [
    72.93978533731358,
    111.35603386455958,
    528.8134436955235,
    322.06852897896323
  ],
  "type": "table"
}