{
  "id": 7,
  "bbox_pdf": [
    922.3043909099783,
    149.75466623164908,
    1190.550048828125,
    260.1507342870314
  ],
  "type": "table"
}