{
  "id": 2,
  "bbox_pdf": [
    81.09752448688155,
    84.47699120759692,
    862.8008818190119,
    596.1387674990647
  ],
  "type": "table"
}