{
  "id": 1,
  "bbox_pdf": [
    66.70151422293807,
    164.63413627389627,
    500.0214231676365,
    231.3517600117143
  ],
  "type": "table"
}