{
  "id": 2,
  "bbox_pdf": [
    152.1545807545922,
    259.02420671018837,
    841.8900146484375,
    372.2273785316781
  ],
  "type": "table"
}