{
  "id": 1,
  "bbox_pdf": [
    152.1545807545922,
    86.34140223672945,
    841.8900146484375,
    237.91853060787673
  ],
  "type": "table"
}