{
  "id": 3,
  "bbox_pdf": [
    152.1545807545922,
    393.3330546339897,
    841.8900146484375,
    530.9996237558861
  ],
  "type": "table"
}