{
  "id": 2,
  "bbox_pdf": [
    54.23806821851393,
    166.44703653413956,
    788.1319293345122,
    559.7800911681293
  ],
  "type": "table"
}