{
  "id": 2,
  "bbox_pdf": [
    44.638410126741555,
    257.5851833395762,
    800.1315019492276,
    437.4631046660959
  ],
  "type": "table"
}