{
  "id": 3,
  "bbox_pdf": [
    490.5425284895685,
    361.19486602365157,
    841.8900146484375,
    549.7069275738442
  ],
  "type": "table"
}