{
  "id": 2,
  "bbox_pdf": [
    479.98290458861885,
    115.60154410584333,
    841.8900146484375,
    528.6012514715326
  ],
  "type": "table"
}