{
  "render_w": 2481,
  "render_h": 1754,
  "page_width": 1190.550048828125,
  "page_height": 841.8900146484375
}