{
  "render_w": 1754,
  "render_h": 1241,
  "page_width": 841.8900146484375,
  "page_height": 595.2760009765625
}