{
  "id": 4,
  "bbox_pdf": [
    485.5293447293447,
    345.48387096774195,
    842.0,
    485.5967741935484
  ],
  "type": "table"
}