{
  "id": 2,
  "bbox_pdf": [
    55.67801693227979,
    147.73973271618152,
    841.8900146484375,
    322.34123501712327
  ],
  "type": "table"
}