{
  "id": 16,
  "bbox_pdf": [
    950.136677420269,
    570.2196906512792,
    1071.5430306461924,
    738.2137072572958
  ],
  "type": "table"
}