{
  "id": 8,
  "bbox_pdf": [
    78.21832243409285,
    508.781878863936,
    861.8411478014158,
    777.5723054335625
  ],
  "type": "table"
}