{
  "id": 14,
  "bbox_pdf": [
    950.136677420269,
    340.7878622579194,
    1190.550048828125,
    508.781878863936
  ],
  "type": "table"
}