{
  "id": 1,
  "bbox_pdf": [
    86.39692282595139,
    97.85358920162672,
    754.5331260133089,
    164.52833870665668
  ],
  "type": "table"
}