{
  "id": 2,
  "bbox_pdf": [
    86.39692282595139,
    245.59332191780823,
    754.5331260133089,
    449.4549660878639
  ],
  "type": "table"
}