{
  "id": 2,
  "bbox_pdf": [
    55.67801693227979,
    201.46327188570206,
    405.58555437738295,
    303.15425674229454
  ],
  "type": "table"
}