{
  "id": 2,
  "bbox_pdf": [
    480.9428703977961,
    189.9510849208048,
    841.8900146484375,
    346.32495786065925
  ],
  "type": "table"
}