{
  "id": 7,
  "bbox_pdf": [
    66.70151422293807,
    538.5408189484303,
    864.7203498542044,
    574.0595538879882
  ],
  "type": "table"
}