{
  "id": 5,
  "bbox_pdf": [
    575.9794855063426,
    127.59340552761131,
    841.8900146484375,
    299.3168610873288
  ],
  "type": "table"
}