{
  "id": 2,
  "bbox_pdf": [
    46.077132874750994,
    367.9103084198416,
    485.7297757213334,
    559.7800911681293
  ],
  "type": "table"
}