{
  "id": 3,
  "bbox_pdf": [
    389.74611852595854,
    57.5609348244863,
    841.8900146484375,
    547.7882297463614
  ],
  "type": "table"
}