{
  "id": 2,
  "bbox_pdf": [
    65.27767502405217,
    298.35751217358734,
    330.7082212615584,
    547.7882297463614
  ],
  "type": "table"
}