{
  "id": 2,
  "bbox_pdf": [
    52.305503958994606,
    628.7776050110907,
    861.3612807926177,
    759.332955059195
  ],
  "type": "table_cell"
}