{
  "id": 3,
  "bbox_pdf": [
    949.6568104114709,
    113.27596548291405,
    1190.550048828125,
    759.332955059195
  ],
  "type": "table_cell"
}