{
  "id": 1,
  "bbox_pdf": [
    74.85925337250605,
    112.31599967373681,
    1161.758028300238,
    482.86280201615057
  ],
  "type": "table"
}