{
  "id": 2,
  "bbox_pdf": [
    74.85925337250605,
    539.5007847576076,
    1161.758028300238,
    788.1319293345122
  ],
  "type": "table"
}