{
  "id": 3,
  "bbox_pdf": [
    81.11711087547658,
    418.27612639126716,
    479.98290458861885,
    549.7069275738442
  ],
  "type": "table"
}