{
  "id": 4,
  "bbox_pdf": [
    41.25200329088185,
    709.4147329819787,
    554.0239976856807,
    785.2520319069805
  ],
  "type": "table"
}