{
  "id": 2,
  "bbox_pdf": [
    41.25200329088185,
    309.10899055507053,
    554.0239976856807,
    480.9428703977961
  ],
  "type": "table"
}