{
  "id": 5,
  "bbox_pdf": [
    483.8227678253278,
    86.82107669360018,
    817.8908694190065,
    309.8696991384846
  ],
  "type": "table"
}