{
  "id": 2,
  "bbox_pdf": [
    78.21832243409285,
    487.6626310620368,
    540.3302519066782,
    577.8994171246972
  ],
  "type": "table"
}