{
  "id": 2,
  "bbox_pdf": [
    89.27682025348311,
    299.3168610873288,
    502.0621181996953,
    526.202879187179
  ],
  "type": "table"
}