{
  "id": 3,
  "bbox_pdf": [
    559.6600667503296,
    61.878004936322775,
    761.7328695821382,
    526.202879187179
  ],
  "type": "table"
}