{
  "id": 5,
  "bbox_pdf": [
    682.3708865109205,
    664.2963399506485,
    1164.6372303530268,
    743.4935192077706
  ],
  "type": "table"
}