{
  "id": 4,
  "bbox_pdf": [
    682.3708865109205,
    507.3419301501701,
    1164.6372303530268,
    586.5391094072922
  ],
  "type": "table"
}