{
  "render_w": 2067,
  "render_h": 1241,
  "page_width": 992.1259765625,
  "page_height": 595.2760009765625
}