{
  "id": 3,
  "bbox_pdf": [
    826.531655365566,
    222.5689479880137,
    992.1259765625,
    485.4305503531678
  ],
  "type": "table"
}