{
  "id": 2,
  "bbox_pdf": [
    41.27852979462122,
    299.3168610873288,
    790.0518609528666,
    530.9996237558861
  ],
  "type": "table"
}