{
  "id": 4,
  "bbox_pdf": [
    451.94529914529915,
    420.3387096774194,
    648.6518518518518,
    479.8387096774194
  ],
  "type": "table"
}