{
  "id": 1,
  "bbox_pdf": [
    100.79640996360996,
    73.39019190122004,
    415.6651953737439,
    231.20308821168666
  ],
  "type": "table"
}