{
  "id": 3,
  "bbox_pdf": [
    524.1413318107718,
    73.39019190122004,
    841.8900146484375,
    183.23564252461472
  ],
  "type": "table"
}