{
  "id": 4,
  "bbox_pdf": [
    524.1413318107718,
    252.78843877086902,
    841.8900146484375,
    355.91844699807365
  ],
  "type": "table"
}