{
  "id": 5,
  "bbox_pdf": [
    524.1413318107718,
    425.4712432443279,
    841.8900146484375,
    528.6012514715326
  ],
  "type": "table"
}