{
  "id": 2,
  "bbox_pdf": [
    100.79640996360996,
    300.7558844579409,
    415.6651953737439,
    499.8207840592894
  ],
  "type": "table"
}