{
  "id": 3,
  "bbox_pdf": [
    49.438239172627746,
    197.6258762307363,
    803.491382281348,
    547.7882297463614
  ],
  "type": "table"
}