{
  "render_w": 2008,
  "render_h": 1241,
  "page_width": 963.780029296875,
  "page_height": 595.2760009765625
}